filename,play_count,like_count
1.jpg,321614,13144
2.jpg,999769,50595
3.jpg,77269,0
4.jpg,45170,1189
5.jpg,442180,7206
6.jpg,3358480,186376
7.jpg,2179991,85660
8.jpg,2688648,40056
9.jpg,93762,0
10.jpg,277095,5656
11.jpg,9461,712
12.jpg,186649,2922
13.jpg,11630,171
14.jpg,3282013,363153
15.jpg,2598,0
16.jpg,4995,102
17.jpg,310171,11645
18.jpg,452784,7065
19.jpg,5696,145
20.jpg,1366180,104934
21.jpg,30604,0
22.jpg,97445,1393
23.jpg,1385582,53889
24.jpg,776993,21733
25.jpg,415778,17892
26.jpg,2800,46
27.jpg,6922,132
28.jpg,16199,293
29.jpg,1882,53
30.jpg,62254,5086
31.jpg,1763,31
32.jpg,3284,122
33.jpg,4760,125
34.jpg,607,30
35.jpg,2616,86
36.jpg,13240,192
37.jpg,297,4
38.jpg,96842,1913
39.jpg,3748,64
40.jpg,68777,2041
41.jpg,674,0
42.jpg,297,4
43.jpg,14991,245
44.jpg,612,30
45.jpg,44283,481
46.jpg,2637005,83159
47.jpg,5672,0
48.jpg,3423864,256322
49.jpg,35694,4598
50.jpg,122383,1987
51.jpg,1763,31
52.jpg,6684135,673183
53.jpg,12997,0
54.jpg,5733,145
55.jpg,416968,17922
56.jpg,89326,8306
57.jpg,3748,64
58.jpg,69975,834
59.jpg,254,5
60.jpg,12302,248
61.jpg,89338,8306
62.jpg,112706,1324
63.jpg,788,11
64.jpg,2619,86
65.jpg,577845,20435
66.jpg,640009,13795
67.jpg,3284,122
68.jpg,3441,55
69.jpg,866646,21648
70.jpg,524,3
71.jpg,3519901,328165
72.jpg,67320,644
73.jpg,834,31
74.jpg,452784,7065
75.jpg,4995,102
76.jpg,31400,663
77.jpg,9399,231
78.jpg,627462,15721
79.jpg,1176808,56042
80.jpg,124180,3398
81.jpg,89338,8307
82.jpg,1385582,53889
83.jpg,6737,142
84.jpg,73110,2155
85.jpg,524,3
86.jpg,3187,91
87.jpg,254,5
88.jpg,31400,663
89.jpg,28475,421
90.jpg,28198,1249
91.jpg,788,11
92.jpg,452786,7065
93.jpg,35058,2128
94.jpg,101983,2260
95.jpg,1121,35
96.jpg,1656,58
97.jpg,87296,2699
98.jpg,723558,69850
99.jpg,2610,155
100.jpg,1073067,32446
101.jpg,448393,7240
102.jpg,592177,16026
103.jpg,306,4
104.jpg,112706,1324
105.jpg,28475,421
106.jpg,1203,27
107.jpg,89348,8308
108.jpg,2637005,83159
109.jpg,15004,245
110.jpg,2278722,27564
111.jpg,4347712,302689
112.jpg,1321,30
113.jpg,599958,11159
114.jpg,1293,21
115.jpg,741,10
116.jpg,173958,6214
117.jpg,1138,26
118.jpg,1161,18
119.jpg,487,4
120.jpg,31747,871
121.jpg,2621,86
122.jpg,1684835,34332
123.jpg,1422,19
124.jpg,82917,2213
125.jpg,37563,602
126.jpg,2348,110
127.jpg,866646,21648
128.jpg,1385583,53889
129.jpg,151637,11379
130.jpg,173958,6214
131.jpg,330195,8545
132.jpg,112837,1579
133.jpg,58380,1071
134.jpg,510226,28341
135.jpg,630,9
136.jpg,43590,695
137.jpg,723558,69850
138.jpg,577878,20436
139.jpg,43099,1701
140.jpg,834,31
141.jpg,112706,1324
142.jpg,981,14
143.jpg,2278723,27564
144.jpg,1188,16
145.jpg,306,4
146.jpg,6614,191
147.jpg,1690825,54157
148.jpg,564,13
149.jpg,23876,1162
150.jpg,12302,248
151.jpg,13495,150
152.jpg,4142,71
153.jpg,395,44
154.jpg,987,176
155.jpg,4130,53
156.jpg,173958,6214
157.jpg,2637006,83159
158.jpg,2474,45
159.jpg,1176808,56042
160.jpg,2980,578
161.jpg,29317,377
162.jpg,987,176
163.jpg,66449,1050
164.jpg,1248,13
165.jpg,741,10
166.jpg,112837,1579
167.jpg,31749,871
168.jpg,4930,234
169.jpg,1281089,50843
170.jpg,2348,110
171.jpg,631,9
172.jpg,211,3
173.jpg,458653,13149
174.jpg,4130,53
175.jpg,655,16
176.jpg,1656,58
177.jpg,4289,19
178.jpg,356402,10818
179.jpg,206408,7424
180.jpg,351064,6938
181.jpg,2626,87
182.jpg,719398,20858
183.jpg,69205,921
184.jpg,23700,853
185.jpg,1281089,50843
186.jpg,884,9
187.jpg,539943,6458
188.jpg,2349,110
189.jpg,43590,695
190.jpg,643310,40919
191.jpg,301,6
192.jpg,37952,1054
193.jpg,1248,13
194.jpg,1274,27
195.jpg,1046,15
196.jpg,363,8
197.jpg,37564,602
198.jpg,210977,3014
199.jpg,18381,479
200.jpg,356,5
201.jpg,30245,1652
202.jpg,102169,8989
203.jpg,29321,377
204.jpg,18381,479
205.jpg,688,17
206.jpg,5606,115
207.jpg,658611,5753
208.jpg,290404,18000
209.jpg,141679,1900
210.jpg,79269,4164
211.jpg,185,4
212.jpg,719398,20858
213.jpg,4130,53
214.jpg,855,17
215.jpg,514,7
216.jpg,86049,2078
217.jpg,277103,5656
218.jpg,503894,7725
219.jpg,206455,7425
220.jpg,1270,22
221.jpg,87970,977
222.jpg,683,5
223.jpg,353053,6468
224.jpg,36918,412
225.jpg,52147,2269
226.jpg,1294663,18280
227.jpg,1019,9
228.jpg,4130,53
229.jpg,18994,540
230.jpg,190,2
231.jpg,47648,894
232.jpg,285774,10270
233.jpg,8201,2230
234.jpg,3853386,119724
235.jpg,306,4
236.jpg,1248,13
237.jpg,631,15
238.jpg,521355,3924
239.jpg,185,4
240.jpg,153910,3646
241.jpg,3853386,119724
242.jpg,657117,16771
243.jpg,266754,13444
244.jpg,541,17
245.jpg,41400,627
246.jpg,36918,412
247.jpg,118680,5115
248.jpg,1124,14
249.jpg,15737,551
250.jpg,487102,9532
251.jpg,143683,7321
252.jpg,319376,14995
253.jpg,479304,20164
254.jpg,37952,1054
255.jpg,68158,8259
256.jpg,198185,6529
257.jpg,176216,1099
258.jpg,594605,9578
259.jpg,90767,3736
260.jpg,306,4
261.jpg,437,23
262.jpg,93211,4499
263.jpg,47649,894
264.jpg,5642,439
265.jpg,191,2
266.jpg,291,5
267.jpg,643312,40919
268.jpg,1393122,37413
269.jpg,44414,1498
270.jpg,266565,10435
271.jpg,297,4
272.jpg,3282038,363153
273.jpg,331357,3576
274.jpg,19175,608
275.jpg,3135,408
276.jpg,84703,5923
277.jpg,926343,87022
278.jpg,1124,14
279.jpg,716255,24422
280.jpg,1108584,38914
281.jpg,9124,408
282.jpg,1834,25
283.jpg,643312,40919
284.jpg,130749,2214
285.jpg,142272,4052
286.jpg,72565,2968
287.jpg,19175,608
288.jpg,5665,440
289.jpg,93931,3053
290.jpg,249,3
291.jpg,101738,1775
292.jpg,43159,1109
293.jpg,93211,4499
294.jpg,293393,3874
295.jpg,1248,13
296.jpg,43951,1162
297.jpg,104739,859
298.jpg,2501870,84281
299.jpg,1010350,7330
300.jpg,95,0
301.jpg,3537,77
302.jpg,962,19
303.jpg,142273,4052
304.jpg,8311,2254
305.jpg,101738,1775
306.jpg,181388,5485
307.jpg,607790,19440
308.jpg,109805,2063
309.jpg,1080612,28479
310.jpg,142,1
311.jpg,325072,11251
312.jpg,266565,10435
313.jpg,579722,53164
314.jpg,3691583,212876
315.jpg,927,8
316.jpg,286053,10274
317.jpg,719398,20858
318.jpg,79614,1051
319.jpg,249032,12607
320.jpg,355522,28143
321.jpg,266565,10435
322.jpg,510,4
323.jpg,105548,1226
324.jpg,987,176
325.jpg,3282043,363153
326.jpg,927,8
327.jpg,103,2
328.jpg,181070,7564
329.jpg,387001,16251
330.jpg,412,2
331.jpg,113674,11869
332.jpg,443,5
333.jpg,308816,6081
334.jpg,498733,16008
335.jpg,72862,1405
336.jpg,3289706,135649
337.jpg,12512,984
338.jpg,82810,1955
339.jpg,521355,3924
340.jpg,31842,1544
341.jpg,28091,302
342.jpg,172373,2726
343.jpg,444,5
344.jpg,179065,8529
345.jpg,160814,5040
346.jpg,61676,914
347.jpg,421,12
348.jpg,450493,3309
349.jpg,722574,11302
350.jpg,46879,770
351.jpg,76,1
352.jpg,599958,11159
353.jpg,2300,111
354.jpg,21515,592
355.jpg,83060,2138
356.jpg,12551,985
357.jpg,40323,802
358.jpg,68404,8296
359.jpg,145072,1328
360.jpg,183,5
361.jpg,2314,111
362.jpg,37952,1054
363.jpg,302990,14363
364.jpg,627,12
365.jpg,160814,5040
366.jpg,599958,11159
367.jpg,589,6
368.jpg,514278,11775
369.jpg,46921,1282
370.jpg,12551,988
371.jpg,156848,2871
372.jpg,381,0
373.jpg,290404,18000
374.jpg,3880,113
375.jpg,40323,802
376.jpg,232,6
377.jpg,9172,247
378.jpg,22,1
379.jpg,36212,2294
380.jpg,305570,5574
381.jpg,1393122,37413
382.jpg,636422,14320
383.jpg,430138,13171
384.jpg,617,1
385.jpg,1906,92
386.jpg,657117,16771
387.jpg,1,2
388.jpg,87,3
389.jpg,567,2
390.jpg,2327,112
391.jpg,151969,4326
392.jpg,882412,35502
393.jpg,166548,3430
394.jpg,610,9
395.jpg,66116,6568
396.jpg,44336,2730
397.jpg,45366,2240
398.jpg,189,2
399.jpg,22,1
400.jpg,367,2
401.jpg,195,5
402.jpg,213789,1268
403.jpg,430138,13171
404.jpg,91,0
405.jpg,290404,18000
406.jpg,172,0
407.jpg,271867,6742
408.jpg,46879,770
409.jpg,1199655,24092
410.jpg,103,2
411.jpg,481,7
412.jpg,38271,2610
413.jpg,200,1
414.jpg,166548,3430
415.jpg,4351,54
416.jpg,44336,2730
417.jpg,573920,3695
418.jpg,46921,1282
419.jpg,13,1
420.jpg,1119,23
